No.;Time;Comment;Scramble;Date;P.1;P.2
1;DNF(19.45);;R2 D F U R F' R' B L D2 R' F2 B2 R U2 L D2 R B' Rw2 Uw2;2023-08-10 15:10:15;6.72;12.73
2;DNF(16.63);;D B2 F2 L' U2 L B2 R' D2 U2 R' D2 R F D F D U2 B2 F' Fw Uw;2023-08-10 15:11:12;9.48;7.15
3;20.05;;F2 D2 B2 R F2 R2 U2 L' D2 R D2 U2 B' U R2 F' L' R B2 U2 B Fw' Uw;2023-08-10 15:11:57;8.65;11.40
4;14.45;;F2 L U F' L' B2 R2 D' F' R2 U2 R2 F D2 R2 L2 F' B2 L2 R Rw' Uw';2023-08-10 15:12:28;8.05;6.40
5;DNF(19.33);;F' D' U' R2 D L2 U' F2 L2 D L2 U L B F' L' R2 D' B2 F Fw' Uw;2023-08-10 15:12:52;8.48;10.85
6;23.54;;F B2 R' L2 F' R2 D' F B2 U2 D2 R2 D B2 R2 F2 D2 L Uw2;2023-08-10 15:13:27;5.85;17.69
7;17.37;;F U B' U F' R' B' L U F' L2 F2 D2 B' D2 F U2 D2 F R2 U2 Rw' Uw';2023-08-10 15:14:05;6.22;11.15
8;15.33;;R' F D2 R U' R' B L F' U2 R2 D2 B2 D2 R B2 L D2 R2 L' Uw2;2023-08-10 15:14:34;5.85;9.48
9;12.14;;F2 D B D B2 D L2 R2 D F2 L2 U R2 D R F2 L' B F2 D U2 Fw Uw;2023-08-10 15:16:24;5.08;7.06
10;DNF(18.15);;D2 L' B2 U R2 U2 R2 B2 D' U F2 U' L2 R U2 B D2 R2 F2 L Fw';2023-08-10 15:16:44;6.72;11.43
11;14.75;;U2 R2 F L2 F R2 B2 F' U2 L' B2 F2 D' F L R F2 L;2023-08-10 15:17:23;6.32;8.43
12;13.90;;F2 R' F U B D R D' L2 D' L2 F2 U2 R2 B2 U R2 U2 B R' Fw' Uw';2023-08-10 15:17:47;5.85;8.05
13;12.68;;U2 R' F2 L2 F D L' F U B2 D' B2 R2 U2 D B2 R2 D2 L2 B' Fw Uw;2023-08-10 15:18:12;6.22;6.46
14;15.58;;F2 U2 R U' R F D F R F2 R F2 U2 B2 D2 R B2 R' F2 R2 B' Rw' Uw';2023-08-10 15:18:39;6.25;9.33
15;17.66;;U R U' F2 L' U' B L' F2 R' L2 U2 D2 B2 L U2 L2 F2 B2 D Fw' Uw2;2023-08-10 15:19:27;11.65;6.01
16;12.70;;F' U F B U' R' L2 F D' L2 U R2 D R2 B2 R2 B2 D' B2 D' B Uw2;2023-08-10 15:19:54;5.05;7.65
17;15.48;;F L2 B U2 F' L2 B' D2 R2 U2 F D2 U' L' U R B' D R B2 F Rw' Uw;2023-08-10 15:20:18;6.98;8.50
18;14.89;;D' F B2 L F2 L U2 F D' L2 D L2 F2 L2 U F2 D' B Fw' Uw2;2023-08-10 15:21:32;5.48;9.41
19;22.53;;F2 U R2 D' B2 U2 L2 F2 U2 L' B2 F' L2 R U' B' L2 R2 Fw Uw';2023-08-10 15:21:57;6.08;16.45
20;13.51;;D' L2 U' B2 L2 D2 B2 L2 D B2 F2 L B' F' D L F2 L' F2 D2;2023-08-10 15:22:29;5.25;8.26
21;13.17;;U2 F D2 L2 U2 B2 R2 F D2 B' U2 R' U F2 D B' R B2 L2 D2 R2 Rw Uw2;2023-08-10 15:22:57;5.51;7.66
22;12.28;;L' F' U' L B' R2 D' R D R2 D2 B' D2 R2 B L2 D2 F D2 R2 Rw' Uw';2023-08-10 15:23:29;5.65;6.63
23;39.95;;B2 R2 U2 R2 D2 B2 D' B2 U B2 F2 L D F' D R2 B' D' B2 L2 Fw;2023-08-10 15:23:53;31.85;8.10
24;DNF(14.69);;F2 D' B D2 F2 L F2 U' R' D2 B' R2 B' R2 D2 R2 D2 B R2 F D' Rw';2023-08-10 15:24:42;5.98;8.71
25;13.91;;L B' U' R2 F2 R2 U2 B' D' R B2 D2 B2 L' U2 R' U2 F2 L' F2 Rw Uw;2023-08-10 15:25:19;6.18;7.73
26;14.76;;R2 B2 U2 F2 U2 L D2 U2 R F' L2 D' B F' L' F R' D' Rw';2023-08-10 15:25:43;5.55;9.21
27;16.70;;F' L B2 U' L2 D' R2 F2 D' L2 B2 U' L2 U L' D' R2 B L R2 D2 Uw2;2023-08-10 15:26:21;6.02;10.68
28;DNF(12.71);;D' F R2 B' U2 F U2 R2 F2 L2 F2 U F' D' U2 R F2 L' B' U Uw2;2023-08-10 15:26:48;7.18;5.53
29;20.06;;U2 B R' D' R F' R2 D' R' B2 L B2 U2 D2 R' B2 L2 D2 B' Rw';2023-08-10 15:29:26;7.55;12.51
30;DNF(19.89);;R2 U2 B U B' D' F' D' U2 F2 D2 F2 L F2 R' U2 D2 R L Fw Uw2;2023-08-10 15:29:56;5.99;13.90
31;DNF(24.66);;L' F' B' D R' L' U R F R' D2 F2 L' U2 B2 U2 R2 B2 L2 F2 Uw2;2023-08-10 15:31:15;13.92;10.74
32;22.36;;R2 U2 R' B2 R2 F2 D2 B2 L U2 L2 R' D' B F' U' B' L B' R F Fw Uw2;2023-08-10 15:32:01;7.88;14.48
33;15.19;;R' F B D2 F' B U L F2 L2 U2 B' L2 U2 B U2 F B L2 D2;2023-08-10 15:32:31;5.38;9.81
34;11.36;;R2 F2 D' F2 D2 R2 U2 L2 U2 B2 L2 F' L' B' D' U' R' D' F2 D2 Rw Uw2;2023-08-10 15:32:58;5.45;5.91
35;DNF(13.20);;R2 D' F2 U R2 U L2 R2 F2 U' B' F' L' F R2 F' U L' R2 Rw' Uw';2023-08-10 15:33:20;5.49;7.71
36;23.76;;F' R2 D' R2 F2 R2 D R2 U B2 D' B2 U F' L R B R' U B' L Rw2 Uw;2023-08-10 15:34:01;5.05;18.71
37;18.38;;L2 D' F2 U F2 U B2 D' R2 D' U R' B' L' U2 B F L F D' U';2023-08-10 15:34:36;8.72;9.66
38;14.09;;B R' F2 U2 F U2 L' B' U R2 L2 B2 U' L2 B2 U D2 F2 R2 U' Rw' Uw';2023-08-10 15:42:15;6.18;7.91
39;DNF(14.59);;D F2 R2 D R2 D' B2 D' R2 F2 B' U L2 F L' F R B2 L' D' U Fw' Uw';2023-08-10 15:43:00;5.98;8.61
40;17.03;;B2 D2 F2 D B2 D R2 U2 B2 R2 U' F' R B R2 F D2 B' D' F' Rw Uw2;2023-08-10 15:43:45;5.95;11.08
41;DNF(14.76);;R2 F D F B D2 L' D U2 L B2 R' U2 R2 D2 F2 L2 F2 R2 F' Fw' Uw';2023-08-10 15:44:16;5.95;8.81
42;15.25;;D' F R' B2 U2 F2 R' U2 F2 R D2 L F2 R2 D' L F2 U' B U2 B Rw' Uw';2023-08-10 15:45:05;5.95;9.30
43;DNF(15.66);;F U' F2 D B R U' R U L2 F2 L2 B2 D2 R2 B' D2 F' U2 F' Rw2;2023-08-10 15:45:30;7.65;8.01
44;15.69;;U2 L' F2 R B L' F U' D' R U2 R B2 U2 B2 L F2 R' D2 L2 Rw Uw';2023-08-10 15:46:54;5.91;9.78
45;26.53;;U2 R2 D' F2 R2 F2 U L2 U B2 L2 B L' R2 D' F D' B D U2 R Rw' Uw;2023-08-10 15:48:50;12.45;14.08
46;18.23;;U2 L' D L2 U2 R2 U B2 L2 D R' U' F' D2 U' R' B2 Rw' Uw;2023-08-10 15:49:26;7.72;10.51
47;16.63;;L D2 R B' U2 F2 D' B' U' D2 F2 B2 R F2 R' D2 L D2 L U2 F2 Rw2 Uw';2023-08-10 15:49:59;6.68;9.95
48;DNF(16.26);;R D' L2 F' R' U' B2 R L B U' L2 B2 D L2 U B2 R2 D R2 D2 Uw';2023-08-10 15:50:55;6.41;9.85
49;DNF(13.73);;B' U2 R L2 D R2 B2 R2 B2 D2 B2 F2 D L2 F' U' B' R' U L' U2 Fw Uw2;2023-08-10 15:51:46;6.05;7.68
50;15.05;;U' R2 F2 R U2 F' R L' F2 D2 B' R2 F' L2 B' U2 D2 L2 F' Rw2 Uw2;2023-08-10 15:53:37;5.85;9.20
51;DNF(13.00);;U' L2 B2 L2 F2 D' R2 D R2 D' B2 R2 L F D' R' F' L2 U R Rw' Uw;2023-08-10 15:54:06;4.82;8.18
52;16.61;;B R2 D2 B2 L2 U' F2 R2 U F2 D B R U' L' R' D' F' R' F' Fw Uw;2023-08-10 15:55:01;5.66;10.95
53;16.03;;F R' U R2 U' R2 U' F2 D2 R2 U2 F2 L F L' D F' U F R' Fw Uw';2023-08-10 15:55:27;5.52;10.51
54;15.97;;R L2 F L F U L2 F D' R2 F2 D2 L2 B D2 F U2 L2 B U2 Rw';2023-08-10 15:56:29;6.70;9.27
55;17.30;;D2 U L B2 U2 B2 F2 L U2 R F2 R' U' B2 F R F2 R' D F Fw' Uw';2023-08-10 15:56:59;6.12;11.18
56;13.09;;D2 L2 R2 F2 R2 D2 B' L2 B D' L' U2 L B' U L2 B2 F' Fw;2023-08-10 16:59:06;6.88;6.21
57;16.44;;B2 L2 U' L2 U B2 F2 U F2 U2 R2 L U' L D F2 L' B F L' Rw Uw';2023-08-10 16:59:52;6.82;9.62
58;24.99;;R2 U' R2 B2 R2 F2 U' R2 D' F2 U2 L U' F D2 R D2 R B2 R2 Fw Uw2;2023-08-10 17:00:22;7.29;17.70
59;35.70;;R2 B2 U2 L2 U2 L D2 B2 L' U2 R2 U' R B R' B L D2 R D Rw2 Uw';2023-08-10 17:00:58;22.97;12.73
60;DNF(18.54);;U R2 L B' U R' U2 L2 F L2 F B2 R2 L2 U2 R2 B' U2 D' Rw Uw';2023-08-10 17:33:16;9.02;9.52
61;15.64;;L R2 U2 F2 L2 B' U2 B R2 U2 B' F2 L' D L2 R U' R' B L Rw' Uw;2023-08-10 17:34:21;6.59;9.05
62;16.45;;B F2 L2 U2 F' U2 B F2 R B' R2 F U' R B2 D' R' Rw' Uw2;2023-08-10 17:35:03;8.15;8.30
63;DNF(16.05);;D F' L' B2 R B2 D2 B2 D2 L U2 R' B2 R D' U2 F' U2 L' B2 Rw;2023-08-10 17:36:11;7.45;8.60
64;DNF(19.32);;R' F2 D2 B' L B D R' U2 L2 D' B2 R2 B2 L2 U L' Rw Uw;2023-08-10 17:36:43;5.72;13.60
65;15.63;;D B F2 D' B2 D L2 D L2 R2 B2 D' B R2 D2 R B' R2 D2 Fw Uw;2023-08-10 17:37:48;6.59;9.04
66;18.15;;B' U L D2 R2 B2 R' F2 U2 B2 D2 R' F2 L2 D R B D U' L' R' Uw';2023-08-10 17:38:13;7.62;10.53
67;DNF(23.09);;R2 B2 D' L F R' L' B' U B D2 B2 L2 D2 B' D2 F' U2 L2 U2 F' Fw' Uw';2023-08-10 17:38:42;11.82;11.27
68;DNF(17.95);;B L' D' F' L2 B' D F2 L F2 D2 L2 D' F2 B2 L2 D L2 B2 L2 B2 Rw2 Uw2;2023-08-10 17:39:36;5.69;12.26
69;16.09;;F' R' D' L2 D R2 B2 D L2 D2 U' L2 U' R2 B' L2 U' B L2 F U' Uw';2023-08-10 17:40:17;5.82;10.27
70;16.60;;U L R2 B2 L2 R2 U' F2 D' F2 D2 L2 U' F L' D' U2 B' L' B Fw Uw';2023-08-10 17:40:45;6.82;9.78
71;12.62;;U2 B R2 B' D2 F L2 U2 F U2 F D' R B L U' B D' F2 R Fw Uw;2023-08-10 17:41:11;5.42;7.20
72;18.26;;U2 L D' R2 U2 F2 D R2 D2 F2 U R F' L R D U L2 R';2023-08-10 17:41:31;6.72;11.54
73;DNF(16.98);;D' L2 D2 F2 U B2 D' L2 D' F2 U2 F' R' B' F D2 U F' U F R' Fw Uw';2023-08-10 17:42:12;7.27;9.71
74;16.80;;L' F2 D B2 F2 R2 D' F2 U2 L2 F2 L2 U2 F R2 D R' D F U' Rw Uw';2023-08-10 17:42:45;6.32;10.48
75;15.80;;R' D B' U' B' L' U D' F2 D2 F' U2 F R2 B' L2 B2 R2 L2 B U Rw Uw;2023-08-10 17:43:27;6.02;9.78
76;DNF(16.43);;U' B2 D' U2 B2 L2 R2 D' R2 U B' R F2 D' U' L' B F2 U Fw' Uw;2023-08-10 17:43:53;5.45;10.98
77;DNF(18.10);;L B' U D2 F U2 R' F L2 U2 F2 D F2 U' L2 U R2 U' R2 U Fw' Uw';2023-08-10 17:44:33;6.42;11.68
78;13.02;;F' U2 B2 D2 L2 D L2 D R2 U F' R D L' R2 U' L' R U Rw;2023-08-10 17:45:30;5.16;7.86
79;15.17;;L2 F2 R2 F D2 B' U2 R2 B' F' D2 L B2 D B U R F2 U2 F2 Rw2;2023-08-10 17:46:13;6.66;8.51
80;14.92;;B' F2 L2 U' B2 U B2 F2 D' L2 R2 U' B2 L' B' U' F D' B2 R2 B Fw' Uw';2023-08-10 17:46:40;6.19;8.73
81;15.84;;L' F2 D2 B R2 B' R2 D2 F' L2 F' L' B D' L R U' L' R2 F2 Fw;2023-08-11 14:53:13;6.80;9.04
82;DNF(15.52);;B2 L2 D' R B2 U L2 F L U2 D2 R2 U2 L' U2 L' F2 L2 B2 U Rw' Uw2;2023-08-11 14:53:38;6.31;9.21
83;DNF(21.29);;L F2 U B2 U B2 F2 U L2 R2 U2 R' U B L R2 B F D Fw Uw';2023-08-11 14:55:03;5.70;15.59
84;15.46;;R2 B' D2 F L' U' F2 R L F L2 D2 F2 U2 F L2 U2 B R2 F' L2 Rw';2023-08-11 14:55:52;6.24;9.22
85;15.44;;F' R D F2 B U2 L2 U' B' R2 U2 F2 L2 B2 R' L2 B2 U2 B2 Rw2 Uw2;2023-08-11 14:56:17;6.08;9.36
86;13.10;;D2 B2 L' B2 F2 L' R B2 D2 R' D2 U B D' L' U2 R D2 B' L Rw2 Uw2;2023-08-11 14:56:43;5.32;7.78
87;14.39;;R D U2 R' D2 B2 U2 R B2 L R2 U2 R' F2 B' L B2 F' D' F L2 Uw2;2023-08-11 14:57:04;5.69;8.70
88;DNF(15.74);;F2 D2 B2 D B2 L2 D' L2 U' F2 L2 U L' F' U' B2 F' D' B L Rw2;2023-08-11 14:57:29;6.17;9.57
89;DNF(13.57);;F2 U' L B2 R' D B2 L' F' L2 F2 R2 U2 F2 B D2 B2 R2 F' Fw Uw2;2023-08-11 14:58:10;6.26;7.31
90;14.93;;F2 D2 L' D2 R' D2 R2 F2 R' D2 L2 U2 B' F U L R' D' U2 R' B2 Rw;2023-08-11 14:58:56;5.93;9.00
91;DNF(19.54);;D' R2 D2 R2 U B2 R2 F2 D' B L R U F' D L2 B U2 R2 Uw';2023-08-11 14:59:17;5.39;14.15
92;19.60;;F2 R L2 D' R F L2 B' R' U2 B2 D2 B2 L D2 L' F2 L2 U2 L Rw Uw;2023-08-11 14:59:57;6.05;13.55
93;17.51;;D2 R2 U2 F' U2 B R2 F U2 L2 R2 F2 L D' B2 D' B2 U B F';2023-08-11 15:00:25;5.75;11.76
94;16.25;;F2 L' F2 L' F2 R2 F2 D2 L2 D2 L' D' L' B L2 R U L D2 U' Uw;2023-08-11 15:00:52;6.25;10.00
95;DNF(15.49);;D2 R2 D2 F' U2 B2 D2 R2 B2 F' R B2 D' U F L' U L' B2;2023-08-11 15:01:17;5.90;9.59
96;16.41;;D2 R' L' U' B' U' F' R U L D2 L' F2 B2 L2 U2 L' U2 F2 R' D2 Rw' Uw2;2023-08-11 15:02:41;5.89;10.52
97;18.81;;R2 B2 F2 R2 F2 D2 L' B2 F2 L' B U F2 U2 R B L B' R2 Uw;2023-08-11 15:03:05;6.64;12.17
98;16.51;;D' R2 D' F2 D' U2 L2 B2 L B L R' F U' B D' F' D2 Fw Uw2;2023-08-11 15:03:34;6.35;10.16
99;16.06;;D L2 U2 F2 U' B2 D R2 D R2 F D L2 U2 F R2 D2 L B' F2 Fw' Uw;2023-08-11 15:04:06;7.08;8.98
100;15.19;;R2 B' D2 U2 R2 F U2 B2 R2 U2 F' D' R' D' U' B D L B F' Rw Uw2;2023-08-11 15:04:30;7.10;8.09
101;15.78;;U2 L D2 L R U2 F2 R F2 D2 R U2 F' L' R' U F2 L U R2 F Rw Uw2;2023-08-11 15:08:01;7.17;8.61
102;16.97;;B2 F' R2 F' L2 D2 B' L2 B' L2 F' D' U R D F' L2 D L2 F' Fw;2023-08-11 15:08:25;6.62;10.35
103;14.27;;D2 B R D' R' L U' R2 U2 F L2 F' L2 U2 B' R2 B L2 F U' Uw;2023-08-11 15:08:53;6.11;8.16
104;DNF(26.97);;L2 B2 L U2 L F2 D2 R F2 L2 U2 B' L' D2 R2 D2 U' F L F Fw Uw';2023-08-11 15:09:16;5.64;21.33
105;15.87;;U R2 D' L2 D2 B2 U B2 F2 D' R' D2 F R' B' L' U B' U2 L2 Rw' Uw;2023-08-11 15:10:02;6.20;9.67
106;15.06;;B' U2 L2 F' U2 B2 R2 B' L2 F' U2 D' L R B F2 L' B2 L2 D F' Uw2;2023-08-11 15:10:25;6.84;8.22
107;15.19;;R' B2 F2 R2 F2 L' D2 L R B2 R D' B U L' B U' B2 L R' Rw' Uw';2023-08-11 15:11:06;5.35;9.84
108;17.15;;F' L' U2 L2 D' U2 L2 B2 U2 B2 U' L2 B' U' L2 B2 R B2 U' Rw';2023-08-11 15:11:29;7.36;9.79
109;DNF(17.18);;D2 R F2 L2 B2 D F2 U B2 D2 L2 B2 R' B' F2 D' L2 B' L2 D Fw' Uw2;2023-08-11 15:11:54;6.06;11.12
110;DNF(17.78);;D' F U' D2 R2 D' R D' L2 U2 F R2 U2 R2 U2 F L2 F U Fw';2023-08-11 15:12:54;7.45;10.33
111;DNF(16.13);;B2 L2 D B2 U' B2 L2 B2 L2 U R2 D2 F' L' R' U F' D R' U2 F' Fw' Uw;2023-08-11 15:13:24;5.70;10.43
112;DNF(13.73);;D2 B2 D F2 R2 U2 F2 U' F2 U L2 B' R2 U' L D L' D2 L2 F Uw2;2023-08-11 15:15:26;5.16;8.57
113;14.92;;U F2 R D2 F2 U2 F2 R' B2 R U2 R B2 U' B R' B' F' U2 B' D' Rw2 Uw;2023-08-11 15:15:57;5.69;9.23
114;16.81;;D L2 F R2 B' U2 L' F2 R U R2 L2 U' B2 U' F2 R2 D F2 D R2 Rw' Uw2;2023-08-11 15:16:23;6.07;10.74
115;15.48;;U2 L' U' B2 D F2 D' L2 R2 D2 R2 U' L2 U R' D2 B' D2 L' F U Rw' Uw';2023-08-11 15:16:48;5.93;9.55
116;24.02;;U2 R' U2 B2 R B2 L F2 L2 R' U2 F' D' F' L2 F' D U' L' B' U2 Uw';2023-08-11 15:17:14;6.04;17.98
117;19.15;;U2 R2 B2 L2 U' L2 F2 D' B2 D2 B' F' D' L B' F' D' L2 B' U Rw Uw;2023-08-11 15:18:01;8.62;10.53
118;15.26;;R2 U R2 B2 L2 B2 U' F2 U R2 B2 U2 B' F R' U L D' B2 L2 U2 Rw' Uw';2023-08-11 15:18:28;6.32;8.94
119;14.57;;B2 U2 R2 F2 R F2 U2 F2 R B2 F2 R' D R2 B D F' R U2 B2 R2 Fw Uw2;2023-08-11 15:18:51;5.70;8.87
120;15.93;;D' F' L R2 D B2 F2 R2 B2 U2 R2 U' F2 D' B D U L' F D2 U2 Rw2 Uw2;2023-08-11 15:19:23;5.81;10.12
121;DNF(17.46);;U' R B2 L B2 L2 F2 D2 L' F2 R2 D2 B2 F' D U' L' U' B2 R B2 Fw' Uw2;2023-08-11 15:19:49;7.47;9.99
122;DNF(13.82);;F L R2 D R2 D B2 U F2 D2 F2 D' R' D2 L2 U2 B R2 D2 R' Fw Uw';2023-08-11 15:20:36;5.99;7.83
123;DNF(16.92);;D B2 U2 L2 D' L2 U F2 D2 F2 U2 F D' R U' L' U' R D R2 Rw' Uw;2023-08-11 15:21:17;7.20;9.72
124;15.31;;U' F B' L' F' R D' R2 F2 R U2 F2 B2 R B2 R' B2 R' U' Rw2 Uw';2023-08-11 15:21:54;5.67;9.64
125;12.74;;D' L2 B2 U' R U2 B R' U R2 D' R2 F2 U F2 D' F2 D R2 D Rw2 Uw2;2023-08-11 15:22:20;5.44;7.30
126;16.91;;B R' F' B' U' L' F' R' L2 U L2 D2 L2 F2 U2 F2 D' L2 U L Uw;2023-08-11 15:22:41;7.46;9.45
127;DNF(13.42);;L2 F2 B' U' D2 F2 B' L' F' L' U2 D2 L B2 U2 B2 R U2 L2 Rw';2023-08-11 15:23:07;5.29;8.13
128;16.50;;F2 R2 D2 R2 D' L2 U2 F2 U' F2 U' R' B' D R2 U' L' R D B R' Uw;2023-08-11 15:23:39;6.33;10.17
129;14.70;;U' B2 F2 U2 R2 U L2 F2 D' F2 R2 D' R' B F' U' R2 B' F' R' U Uw';2023-08-11 15:24:04;5.55;9.15
130;12.55;;F' D F2 D F' L2 B D' R' D2 L2 U2 F2 R2 L' F2 L2 D2 F2 D Rw' Uw';2023-08-11 15:24:27;5.49;7.06
131;DNF(14.01);;F R2 U R2 F' U2 F2 R2 F L2 U2 B2 D2 F U' F2 R D R2 D R' Rw' Uw2;2023-08-15 19:13:29;5.37;8.64
132;13.13;;D2 L' D R' D B U' F2 D2 F' R2 B2 U2 R2 U2 F' U2 B2 U2 Rw;2023-08-15 19:14:23;5.92;7.21
133;DNF(14.80);;U' L' F2 L2 F2 D R U D2 R2 L2 B2 U2 F R2 F2 R2 U2 L2 U Rw2;2023-08-15 19:14:47;5.61;9.19
134;10.97;;R D2 R2 B2 U2 R' F2 R' D2 F2 R2 B' D B2 R2 U B' L' F2 D2 Rw;2023-08-15 19:15:50;4.53;6.44
135;DNF(16.39);;F2 U D2 L2 B' R2 U' R' U2 R D2 F2 B2 R' U2 L F2 L' U L2 Rw' Uw;2023-08-15 19:16:10;6.39;10.00
136;16.29;;F D2 L2 B2 R F2 R' F2 R' F2 D2 F' L B F D F2 U' R2 Uw';2023-08-15 19:17:05;6.45;9.84
137;15.39;;F' D' B' D L B' U2 B' D' F' U2 L2 U2 R2 D2 F L2 Uw;2023-08-15 19:18:49;5.99;9.40
138;17.68;;B' R' D' L2 U' L' D U2 L2 D2 L2 F B U2 F U2 R2 F' L2 D Rw Uw';2023-08-15 19:19:13;10.55;7.13
139;DNF(8.33);Moves;R L' U' D2 F2 D2 F' L2 D' F2 B2 R' F2 R L2 F2 D2 F2 U2 B2 Rw Uw';2023-08-15 19:19:41;6.52;1.81
140;DNF(13.82);;D L2 D' R2 D F2 D B2 U' L2 U' L' U2 F' U2 B' R D2 U2 L' U' Rw';2023-08-15 19:20:26;5.61;8.21
141;16.00;;R2 F R2 U2 F2 U2 B U2 R2 B R2 D' F2 D2 B' L B2 L2 R B U Rw2;2023-08-15 19:22:05;5.98;10.02
142;DNF(18.41);;F L' R2 F2 R2 D F2 U2 R2 D' R2 B2 R2 B L' U' L' R' F D2 L2 Fw' Uw2;2023-08-15 19:23:08;7.19;11.22
143;15.60;;L' B' D' R' B D R' B2 L2 D L2 F2 U F2 U F2 D2 L2 B2 F L' Rw;2023-08-15 19:23:56;5.45;10.15
144;DNF(14.03);;B L' F' L2 B' R2 F D2 F D2 F L2 D2 L' D2 B R' D F' U2 Uw;2023-08-15 19:24:26;5.99;8.04
145;DNF(20.08);;U2 F2 D' L2 U B2 L2 R2 D' L2 U' R2 L F2 U' B2 F' D B L U2 Rw2 Uw;2023-08-15 19:27:57;9.35;10.73
146;16.26;;D R L F' B2 D F' R' F B2 R' D2 L' F2 U2 B2 U2 F2 U2 R2 F2 Rw Uw2;2023-08-15 19:28:47;7.02;9.24
147;DNF(17.31);;B2 L2 B2 L F2 R B2 R' U2 R' D2 B2 U L' F D2 F2 U B D' F2 Fw' Uw2;2023-08-15 19:30:15;6.09;11.22
148;14.45;;R2 U' B2 R' L2 U B D2 L' U2 F B2 R2 F D2 B' D2 B' L2 D2 F2 Rw Uw;2023-08-15 19:31:53;6.17;8.28
149;DNF(16.27);;B R2 D2 R2 B' L2 F2 R2 D2 R2 D R' F' L' U L' D' R' B F' Rw2 Uw;2023-08-15 19:34:11;6.23;10.04
150;14.86;;U R2 D2 F2 R2 D2 F' R2 U2 B' F' R2 L B2 U' R' F' D' R2 Fw Uw';2023-08-15 19:35:08;5.71;9.15
151;14.62;;D' F2 R2 U2 B' D2 L2 R2 B' F2 U2 R2 U2 L B' U' B2 U' L2 B' L Fw' Uw';2023-08-15 19:36:38;6.03;8.59
152;DNF(14.69);;R U F2 D F D R F' B' R' U2 B2 R2 U2 R' F2 L2 D2 L D2 Rw' Uw';2023-08-15 19:37:05;6.41;8.28
153;17.39;;B' U R L2 F U R D2 R' F' D2 F L2 F2 R2 D2 R2 B' D2 F Rw2 Uw2;2023-08-15 19:38:52;7.19;10.20
154;DNF(18.48);;F L2 D L2 U' B2 U' F2 R2 U R2 L' D' B' R2 F R' F' D2 B Fw Uw2;2023-08-15 19:39:20;7.90;10.58
155;DNF(12.82);;L R2 B2 U B2 R2 D' L2 U B2 F2 L2 R' B D U2 L D U2 B2 L Rw2 Uw;2023-08-15 19:40:05;4.67;8.15
156;11.59;;U2 L2 D2 R B2 R B2 L' F2 L2 F' D2 F L2 U F2 U L2 Rw2 Uw2;2023-08-15 19:41:37;5.39;6.20
157;DNF(34.50);;B' D2 B' L2 B2 D2 B L2 F2 D2 F' L' F2 D R' U L' U2 R F Rw2 Uw2;2023-08-17 09:49:23;23.09;11.41
158;16.70;;R L2 U' B2 D2 R2 D' L2 U' L2 B2 U' F2 B' L2 R U F' L' R' D Fw;2023-08-17 09:50:24;5.52;11.18
159;DNF(32.45);;F2 L' D' B D F' B2 D U2 B2 L' B2 L' D2 R U2 D2 L U' Rw' Uw;2023-08-17 09:51:14;6.15;26.30
160;16.61;;L U2 B L2 F' L2 R2 D2 B F2 L2 F' D2 U' R2 U2 L' F2 R' U2 B2 Rw' Uw2;2023-08-17 09:52:07;6.45;10.16
161;DNF(43.02);;F2 R L2 F2 R2 D2 B U2 F' L2 U2 B2 L2 R' F' U' R U' F2 D B' Fw;2023-08-17 09:52:33;7.55;35.47
162;19.83;;U2 B2 R' U2 L D' L' U2 F U2 D2 F B2 D2 B D2 B' U' R' Rw Uw2;2023-08-17 09:54:13;4.92;14.91
163;16.77;;D2 R' B' F2 D' R2 D R2 U' R2 D2 L2 D B2 F L U2 R2 D F R Fw' Uw';2023-08-17 09:54:45;6.32;10.45
164;15.30;;U R D L D2 F U B R F2 U2 R F2 B2 D2 F2 R2 D2 U Rw';2023-08-17 09:55:10;6.19;9.11
165;13.52;;L R2 D2 B U2 F' U2 L2 B R2 F' U2 F' D' L2 B2 D' L F' D2 L Fw' Uw;2023-08-17 09:55:37;5.25;8.27
166;17.90;;U' F R L F B2 L' U2 R2 B2 U2 B' L2 F' U2 F D2 B' R2 D' F' Rw Uw2;2023-08-17 09:57:38;7.42;10.48
167;22.76;;U R2 F2 D' B2 D B2 U2 B2 U' F' D2 U' L2 F' R2 B2 U L F Rw' Uw2;2023-08-17 09:58:06;13.12;9.64
168;17.15;;U' B U2 R2 U2 R2 D' F2 D' R2 B2 U' L' F2 U' L2 B' D R' Fw';2023-08-17 09:58:37;5.52;11.63
169;13.50;;D2 U2 B' L2 D2 L2 U2 F2 L2 R2 F2 R F D' L2 U2 B' D' U2 F' Rw' Uw';2023-08-17 09:59:41;5.42;8.08
170;DNF(22.78);;F2 D F2 L2 D L2 B2 D R2 B2 F2 D' F' D' R F D2 F2 L D U2 Fw Uw2;2023-08-17 10:00:06;6.22;16.56
171;16.63;;U2 F U2 R2 D2 L2 U2 F L2 B' D2 B R B U L' B2 U2 F' D2 F Fw Uw2;2023-08-17 10:01:13;7.22;9.41
172;DNF(21.76);;F' R2 U2 R2 B2 U2 F L2 F' L2 F2 R F' D2 U2 B' R U' F L2 B2 Fw Uw;2023-08-17 10:01:39;10.06;11.70
173;15.62;;D2 L' B2 F2 L2 D2 R' B2 L' D2 F2 U' L2 U2 R2 F' R2 D' U2 R F' Fw;2023-08-17 10:02:25;6.52;9.10
174;DNF(17.47);;B L' U' L F' U' B R2 L2 U2 D' R2 F2 B2 D2 B2 R2 B2 D' B Uw';2023-08-17 10:02:51;6.79;10.68
175;17.35;;F' B2 R2 U R2 U2 B2 L2 D' R2 D U2 R2 F D U2 L' F2 D F U' Fw' Uw2;2023-08-17 10:04:01;6.95;10.40
176;18.20;;R2 U R2 U B2 R2 B2 L2 D' L2 D2 B U2 B' D R' F L' D B' U Rw2 Uw;2023-08-17 10:04:45;5.69;12.51
177;19.97;;L B L2 U' F U B2 L U F2 L2 F2 L2 F' D2 F' D2 L2 F2 R2 B Rw2 Uw;2023-08-17 10:57:15;9.02;10.95
178;16.14;;U2 D2 L B L' F R B U B' U B2 U B2 R2 F2 L2 D' F2 U D' Fw Uw;2023-08-17 10:57:51;6.49;9.65
179;14.72;;L2 U' B2 U' B2 L2 B2 R2 U2 F2 U2 F' L' R D U' B L' F2 D' F' Rw' Uw;2023-08-17 10:58:17;5.56;9.16
180;18.62;;L' B U R' D L' F' D2 F U2 L2 B L2 D2 F L2 F' L' B' Fw Uw;2023-08-17 10:58:41;5.99;12.63
181;DNF(13.50);;F' B R B L F2 U F2 B2 R U2 R L U2 F2 R' L2 D B Fw';2023-08-17 10:59:10;5.09;8.41
182;16.61;;F' L2 F' D2 B2 L2 D2 F' L2 F U2 L' D L2 B' D U L U' B F2 Rw2 Uw;2023-08-17 10:59:50;6.52;10.09
183;15.31;;L2 F2 R2 B2 R2 D' B2 U F2 U' L2 D2 R D2 F' D U' L U' B' U Rw2 Uw2;2023-08-17 17:24:32;5.96;9.35
184;DNF(29.93);;B2 L2 F2 D' B2 D' L2 B2 L2 D2 F2 R' U' B D F2 D' F' R2 U' F Uw;2023-08-17 17:24:57;16.49;13.44
185;19.21;;U F U2 L D' F U' B' R2 F' D2 B L2 F U2 B U2 D2 B2 Fw Uw;2023-08-17 17:26:11;5.72;13.49
186;16.00;;D R2 F U2 B' F2 D2 F' R2 D2 U2 F U2 R D2 F' D' R2 F2 L' F' Rw Uw2;2023-08-17 17:26:42;5.59;10.41
187;19.67;;U' F2 D' F2 D L2 R2 B2 R2 U F2 L U2 L B' R2 F' R' U' R' D Uw';2023-08-17 17:27:09;5.46;14.21
188;18.15;;F2 U' L2 F2 L2 D L2 D' L2 D2 F R' U L' F U' F2 L' D2 B Rw Uw';2023-08-17 17:27:40;5.82;12.33
189;DNF(23.63);;F2 L2 B L2 R2 U2 B2 R2 U2 F' R2 B D' L U R' B2 L U' B2 L' Uw';2023-08-17 17:28:35;5.79;17.84
190;DNF(19.78);;F2 D B2 U2 L2 U' B2 F2 U' L2 U' B U' L' U' R B' R2 F2 R2 Rw' Uw2;2023-08-17 17:29:22;7.99;11.79
191;18.78;;U D2 R' L U' F2 U B' U D2 L2 F' R2 B' R2 U2 F2 U2 F' U2 Fw;2023-08-17 17:30:01;6.39;12.39
192;DNF(15.65);;F' D' L' F R2 D B' F2 U2 B2 U2 L' D2 R' L' U2 B2 R U R2 Rw' Uw';2023-08-17 17:30:31;6.42;9.23
193;DNF(14.69);;L2 R2 D2 R2 F2 U R2 U R2 B2 D2 R' F' D' F' R2 B2 U' R2 B' Uw;2023-08-17 17:31:02;5.16;9.53
194;15.62;;R' B2 D' B2 L D' F2 U L' R2 D2 B L2 F' R2 L2 F D2 F B Rw' Uw';2023-08-17 17:32:10;5.22;10.40
195;12.58;;L2 B F2 U' F2 U F2 L2 U B2 F2 L' D2 U' L2 F' L U2 Fw';2023-08-17 17:32:34;5.52;7.06
196;15.09;;U2 F D' F' U2 L B' R2 F2 D B2 U' D' L2 F2 D R2 F R' Uw2;2023-08-17 17:32:59;6.86;8.23
197;DNF(24.85);;U2 L2 D' B2 L2 R2 U F2 R2 F2 B' D U' F' D2 L' F R' U2 F' Fw';2023-08-17 17:33:21;7.29;17.56
198;16.00;;D2 R2 F2 R2 U L2 B2 R2 U' R2 F' L' R' F R2 D' L' U2 L2 U' Rw2 Uw2;2023-08-17 17:34:17;5.59;10.41
199;18.17;;U' R2 F2 L D2 R D2 B2 F2 R B2 D' F' D L' D2 L2 B' F' Rw';2023-08-17 17:34:42;6.02;12.15
200;13.89;;F' U2 L2 B2 R2 B' R2 F' R2 B2 L F' D' B' U2 R2 D' R2 U Rw Uw;2023-08-17 17:35:10;5.19;8.70
201;DNF(20.01);;U F L' U F2 U' B2 R2 D2 L2 U' F2 L2 U2 B D' L2 D2 F D2 L Fw' Uw2;2023-08-17 17:36:19;6.36;13.65
202;12.90;;F2 U2 B' U2 L2 R2 B R2 B2 L2 D2 L' D' R B' F' L' R2 U2 F Fw Uw';2023-08-17 17:37:05;6.09;6.81
203;18.77;;R D' F2 L2 U2 F2 D2 R' B2 L R2 D2 F2 U2 B F2 D R' U' R F' Rw Uw2;2023-08-17 17:37:29;8.12;10.65
204;15.63;;B2 D' B2 R2 F2 U B2 R2 D F2 D' L D L U2 B' U B L F2 Fw Uw;2023-08-17 17:37:57;6.12;9.51
205;22.17;;D2 L' F2 D' B2 U2 F2 L2 U B2 F2 U B' D L2 D' L' F R' F' Rw' Uw';2023-08-17 17:38:23;8.92;13.25
206;15.59;;R' L2 B U2 B' L2 D' F' U2 R F2 R F2 L' F2 D2 R' F2 R B2 Fw;2023-08-17 17:39:32;6.62;8.97
207;10.72;;R L2 U2 F2 D' F2 U F2 U F2 U2 R2 U' R D' B' F2 L2 U B U;2023-08-17 17:40:11;4.72;6.00
208;18.94;;B2 F2 R2 F2 U2 R D2 F2 R2 B2 L R D' F U2 R F U L' D R Rw Uw;2023-08-17 17:40:32;6.75;12.19
209;13.75;;D2 R2 D L2 B U2 F D2 F R2 F2 L2 F U2 L' B' D2 R D B F' Uw2;2023-08-17 17:41:02;5.39;8.36
210;14.52;;R2 B2 R2 B' D2 F' L2 F R2 F R2 D2 R' U F2 D R2 B' R2 D L' Uw';2023-08-17 17:41:25;6.59;7.93
211;15.42;;B' R2 B2 U' B2 D F2 L2 D' L2 D2 L2 D' L D B L B L2 U' L2 Fw' Uw';2023-08-17 17:41:56;6.09;9.33
212;15.10;;U B R' U L D' R2 F' D' F2 R2 D B2 D2 L2 U' L2 B2 R2 B2 R Rw Uw;2023-08-17 17:42:22;6.62;8.48
213;16.71;;U R' D2 L' U2 L F2 L' B2 R' D2 F2 R' F' U L2 R' U' B' R F Rw';2023-08-17 17:42:54;7.49;9.22
214;15.37;;D L' F2 U D2 F U2 L' D2 F B2 U' L2 F2 R2 L2 D R2 D R2 D2 Fw Uw;2023-08-17 17:43:22;5.82;9.55
215;16.01;;B F2 U2 F2 R2 B2 L2 U' B2 U' B2 F2 U2 B' L2 D B D L' D' B2 Rw' Uw;2023-08-17 17:43:54;5.12;10.89
216;DNF(23.17);;U2 R2 B D2 F2 D2 L2 B' D2 F2 D' F' R F D2 U L B2 D2 Fw' Uw2;2023-08-17 17:44:24;6.49;16.68
217;14.05;;U2 F2 R2 F2 R2 D' F2 D' U' B2 L2 B2 L' B' L2 U L D2 B U2 R Rw Uw;2023-08-17 17:45:23;5.39;8.66
218;DNF(23.12);;B R U2 F2 U D' B R' D B2 U' L2 B2 D L2 B2 D2 B2 U2 B Rw2 Uw;2023-08-17 17:45:45;5.12;18.00
219;DNF(17.23);;L2 R2 D' R2 U B2 U2 L2 U2 R2 F2 B' L F L U' B' R F2 D Rw2 Uw;2023-08-17 17:48:34;5.92;11.31
220;14.91;;D2 B2 F2 D R2 D2 F2 D' F2 U' R2 L B R2 U2 R' B F2 D U' Fw Uw;2023-08-17 17:49:09;6.26;8.65
221;14.64;;B U2 B R2 U2 L2 F2 D' F2 U2 L2 F2 R F D B' L' R B2 Fw Uw;2023-08-17 17:49:32;5.99;8.65
222;15.76;;R' U' R2 D' B2 R2 U' R2 U2 L2 D B2 L' D B D' R2 U' F L Rw';2023-08-17 17:50:34;5.71;10.05
223;DNF(28.97);;L2 F R2 F2 D2 L' F2 L B2 U2 R D2 L2 U L' R2 B U2 B' L Rw Uw';2023-08-17 17:52:53;14.92;14.05
224;DNF(16.54);;U2 R' D' B2 D2 F R U' R2 L' D2 L' B2 R2 U2 B2 L U2 L D Rw';2023-08-17 17:54:58;6.62;9.92
225;DNF(18.92);;L' D' L' B' L2 F2 D F R L B R2 U2 D2 B' R2 F' U2 R2 B Rw' Uw2;2023-08-17 17:55:32;7.47;11.45
226;16.75;;B' D2 L U D' R F2 U' R2 U2 D2 F L2 U2 F' B2 U2 R2 B' L2 Fw' Uw';2023-08-17 17:56:25;6.69;10.06
227;12.28;;L2 D2 L' U2 B2 R F2 R' U2 F2 U2 D' L B' L2 R' U B L' B2 U' Rw' Uw';2023-08-17 17:57:02;5.32;6.96
228;19.46;;F R B2 U' F2 L' F' B' L D2 L2 F B L2 F' D2 F2 L2 D2 B L2 Rw' Uw;2023-08-17 17:57:31;6.36;13.10
229;15.35;;U F' L B2 U L2 B2 U2 B2 D F2 D B2 U' F' L F2 R B2 R' F Rw' Uw2;2023-08-17 17:58:48;6.15;9.20
230;13.70;;U2 R2 D2 F2 L D2 L F2 L F2 R' B R2 D U L2 B' D B U Rw2;2023-08-17 17:59:58;6.22;7.48
231;16.87;;F U' F2 R2 D2 L2 U L2 F2 U' F' R2 B2 L D2 L R U2 Uw';2023-08-17 18:00:21;5.89;10.98
232;15.80;;R' D' B2 U' L2 U' R2 F2 D2 L2 B2 F' D2 B' D2 R D U B' R Fw Uw';2023-08-17 18:00:48;6.05;9.75
233;DNF(21.26);;D B' U R2 U' L2 R2 D' L2 U L2 B2 L D2 R D' B L2 D2 Rw Uw2;2023-08-17 18:01:20;5.62;15.64
234;DNF(15.96);;U F' U' R2 D' L2 F2 U' F2 D' R2 B2 F D R B L2 D2 L Fw Uw';2023-08-17 18:13:07;6.79;9.17
235;DNF(21.07);;B2 L' D2 R' D2 R F2 L U R F L D R' B2 U2 B Rw' Uw;2023-08-17 18:14:00;6.62;14.45
236;DNF(16.77);;D' L2 F R2 L U R L2 U F R2 U2 L2 B2 L2 F D2 L2 B R2 B2 Uw2;2023-08-17 18:14:41;6.42;10.35
237;22.07;;B2 R2 D2 L2 D2 B2 U' B2 F2 R2 U' F2 L' B' U L' R U B2 U2 F2 Fw';2023-08-17 18:15:17;7.62;14.45
238;14.59;;R U' L2 B2 L' D2 U2 L U2 R' D2 L2 F2 U L2 F' D2 L2 B2 L' B2 Fw' Uw2;2023-08-17 18:15:49;5.99;8.60
239;21.21;;L2 B2 D2 U2 R F2 D2 L' B2 R U2 L U F' D2 B2 L' R2 B U' F' Fw';2023-08-17 18:17:57;9.55;11.66
240;12.36;;U' L2 D B2 R2 U R2 D2 B2 R2 U R F' L D F' U2 L2 B D2 Rw2 Uw;2023-08-18 10:17:18;5.52;6.84
241;15.27;;F' R' U F2 L2 U R2 D' F2 L2 U R2 B D2 U2 R F' L' D U2 Uw2;2023-08-18 10:17:44;5.98;9.29
242;DNF(17.76);;U F2 D2 L2 D' R2 F2 U' R2 B2 R B' D F L B D2 L' B Rw Uw';2023-08-18 10:18:10;9.96;7.80
243;18.27;;F' L' U2 B2 U2 B' R2 B' L2 B' L2 U2 R' D F U R' B2 U B' Fw';2023-08-18 10:19:08;9.09;9.18
244;DNF(16.03);;D2 L2 U F2 U' L2 U2 R2 D F2 L F U' L2 B2 D2 U2 R' D L;2023-08-18 10:22:50;5.40;10.63